{"cameraMode":{"drawMode":0,"name":"Shaded","section":"Shading Mode"},"sceneLighting":false,"audioPlay":false,"sceneViewState":{"m_AlwaysRefresh":false,"showFog":true,"showSkybox":false,"showFlares":true,"showImageEffects":true,"showParticleSystems":true,"showVisualEffectGraphs":true,"m_FxEnabled":false},"in2DMode":false,"pivot":{"x":-3.3436367511749269,"y":3.653563976287842,"z":1.5462454557418824},"rotation":{"x":0.04837292805314064,"y":0.9482051730155945,"z":-0.17485086619853974,"w":0.2611783742904663},"size":0.000017344029402011074,"orthographic":false}