{"cameraMode":{"drawMode":0,"name":"Shaded","section":"Shading Mode"},"sceneLighting":false,"audioPlay":false,"sceneViewState":{"m_AlwaysRefresh":false,"showFog":true,"showSkybox":false,"showFlares":true,"showImageEffects":true,"showParticleSystems":true,"showVisualEffectGraphs":true,"m_FxEnabled":false},"in2DMode":false,"pivot":{"x":8.302950859069825,"y":0.5777616500854492,"z":57.48094940185547},"rotation":{"x":-0.20740878582000733,"y":-0.01397453062236309,"z":0.0024071948137134315,"w":-0.9787956476211548},"size":1.4361406564712525,"orthographic":false}