{"cameraMode":{"drawMode":0,"name":"Shaded","section":"Shading Mode"},"sceneLighting":false,"audioPlay":false,"sceneViewState":{"m_AlwaysRefresh":false,"showFog":true,"showSkybox":false,"showFlares":true,"showImageEffects":true,"showParticleSystems":true,"showVisualEffectGraphs":true,"m_FxEnabled":false},"in2DMode":false,"pivot":{"x":-0.7898779511451721,"y":3.266981363296509,"z":45.60879135131836},"rotation":{"x":-0.0004545453120954335,"y":-0.9998338222503662,"z":0.01950516737997532,"w":-0.01351956371217966},"size":8.053231239318848,"orthographic":false}